{
    "name": "root",
    "gauges": {
        "MyBehavior.Policy.Entropy.mean": {
            "value": 2.194105625152588,
            "min": 2.194105625152588,
            "max": 2.194105625152588,
            "count": 1
        },
        "MyBehavior.Policy.Entropy.sum": {
            "value": 77372.9375,
            "min": 77372.9375,
            "max": 77372.9375,
            "count": 1
        },
        "MyBehavior.Step.mean": {
            "value": 99936.0,
            "min": 99936.0,
            "max": 99936.0,
            "count": 1
        },
        "MyBehavior.Step.sum": {
            "value": 99936.0,
            "min": 99936.0,
            "max": 99936.0,
            "count": 1
        },
        "MyBehavior.Policy.ExtrinsicValueEstimate.mean": {
            "value": -0.8076295256614685,
            "min": -0.8076295256614685,
            "max": -0.8076295256614685,
            "count": 1
        },
        "MyBehavior.Policy.ExtrinsicValueEstimate.sum": {
            "value": -449.0420227050781,
            "min": -449.0420227050781,
            "max": -449.0420227050781,
            "count": 1
        },
        "MyBehavior.Environment.EpisodeLength.mean": {
            "value": 1199.0,
            "min": 1199.0,
            "max": 1199.0,
            "count": 1
        },
        "MyBehavior.Environment.EpisodeLength.sum": {
            "value": 33572.0,
            "min": 33572.0,
            "max": 33572.0,
            "count": 1
        },
        "MyBehavior.Environment.CumulativeReward.mean": {
            "value": -14.803569842129946,
            "min": -14.803569842129946,
            "max": -14.803569842129946,
            "count": 1
        },
        "MyBehavior.Environment.CumulativeReward.sum": {
            "value": -414.4999555796385,
            "min": -414.4999555796385,
            "max": -414.4999555796385,
            "count": 1
        },
        "MyBehavior.Policy.ExtrinsicReward.mean": {
            "value": -14.803569842129946,
            "min": -14.803569842129946,
            "max": -14.803569842129946,
            "count": 1
        },
        "MyBehavior.Policy.ExtrinsicReward.sum": {
            "value": -414.4999555796385,
            "min": -414.4999555796385,
            "max": -414.4999555796385,
            "count": 1
        },
        "MyBehavior.Losses.PolicyLoss.mean": {
            "value": 0.022241460469861824,
            "min": 0.022241460469861824,
            "max": 0.022241460469861824,
            "count": 1
        },
        "MyBehavior.Losses.PolicyLoss.sum": {
            "value": 0.06672438140958548,
            "min": 0.06672438140958548,
            "max": 0.06672438140958548,
            "count": 1
        },
        "MyBehavior.Losses.ValueLoss.mean": {
            "value": 0.020806627523981863,
            "min": 0.020806627523981863,
            "max": 0.020806627523981863,
            "count": 1
        },
        "MyBehavior.Losses.ValueLoss.sum": {
            "value": 0.06241988257194559,
            "min": 0.06241988257194559,
            "max": 0.06241988257194559,
            "count": 1
        },
        "MyBehavior.Policy.LearningRate.mean": {
            "value": 0.00024867841710719997,
            "min": 0.00024867841710719997,
            "max": 0.00024867841710719997,
            "count": 1
        },
        "MyBehavior.Policy.LearningRate.sum": {
            "value": 0.0007460352513215999,
            "min": 0.0007460352513215999,
            "max": 0.0007460352513215999,
            "count": 1
        },
        "MyBehavior.Policy.Epsilon.mean": {
            "value": 0.18289280000000008,
            "min": 0.18289280000000008,
            "max": 0.18289280000000008,
            "count": 1
        },
        "MyBehavior.Policy.Epsilon.sum": {
            "value": 0.5486784000000002,
            "min": 0.5486784000000002,
            "max": 0.5486784000000002,
            "count": 1
        },
        "MyBehavior.Policy.Beta.mean": {
            "value": 0.004146350720000001,
            "min": 0.004146350720000001,
            "max": 0.004146350720000001,
            "count": 1
        },
        "MyBehavior.Policy.Beta.sum": {
            "value": 0.012439052160000002,
            "min": 0.012439052160000002,
            "max": 0.012439052160000002,
            "count": 1
        },
        "MyBehavior.IsTraining.mean": {
            "value": 1.0,
            "min": 1.0,
            "max": 1.0,
            "count": 1
        },
        "MyBehavior.IsTraining.sum": {
            "value": 1.0,
            "min": 1.0,
            "max": 1.0,
            "count": 1
        }
    },
    "metadata": {
        "timer_format_version": "0.1.0",
        "start_time_seconds": "1696424547",
        "python_version": "3.9.13 (tags/v3.9.13:6de2ca5, May 17 2022, 16:36:42) [MSC v.1929 64 bit (AMD64)]",
        "command_line_arguments": "C:\\Users\\Amanda\\Documents\\GitHub\\TNM114-AI-project\\TNM114-AI\\venv\\Scripts\\mlagents-learn --run-id=8_cars --resume",
        "mlagents_version": "0.30.0",
        "mlagents_envs_version": "0.30.0",
        "communication_protocol_version": "1.5.0",
        "pytorch_version": "2.0.1+cpu",
        "numpy_version": "1.21.2",
        "end_time_seconds": "1696424914"
    },
    "total": 366.9823571,
    "count": 1,
    "self": 0.00965710000002673,
    "children": {
        "run_training.setup": {
            "total": 0.14666650000000025,
            "count": 1,
            "self": 0.14666650000000025
        },
        "TrainerController.start_learning": {
            "total": 366.8260335,
            "count": 1,
            "self": 0.7208832000006282,
            "children": {
                "TrainerController._reset_env": {
                    "total": 7.2985340999999995,
                    "count": 1,
                    "self": 7.2985340999999995
                },
                "TrainerController.advance": {
                    "total": 358.62553429999934,
                    "count": 26701,
                    "self": 0.6884591999983627,
                    "children": {
                        "env_step": {
                            "total": 336.00245449999835,
                            "count": 26701,
                            "self": 280.73368749999935,
                            "children": {
                                "SubprocessEnvManager._take_step": {
                                    "total": 54.82876449999974,
                                    "count": 26701,
                                    "self": 1.8765961999975502,
                                    "children": {
                                        "TorchPolicy.evaluate": {
                                            "total": 52.95216830000219,
                                            "count": 26701,
                                            "self": 52.95216830000219
                                        }
                                    }
                                },
                                "workers": {
                                    "total": 0.4400024999992418,
                                    "count": 26700,
                                    "self": 0.0,
                                    "children": {
                                        "worker_root": {
                                            "total": 294.802225600001,
                                            "count": 26700,
                                            "is_parallel": true,
                                            "self": 113.43108810000055,
                                            "children": {
                                                "steps_from_proto": {
                                                    "total": 0.0009605999999999781,
                                                    "count": 1,
                                                    "is_parallel": true,