{
    "name": "root",
    "gauges": {
        "MyBehavior.Policy.Entropy.mean": {
            "value": 2.166646718978882,
            "min": 2.166646718978882,
            "max": 2.196338176727295,
            "count": 2
        },
        "MyBehavior.Policy.Entropy.sum": {
            "value": 108367.0,
            "min": 108367.0,
            "max": 109887.1953125,
            "count": 2
        },
        "MyBehavior.Step.mean": {
            "value": 99984.0,
            "min": 49968.0,
            "max": 99984.0,
            "count": 2
        },
        "MyBehavior.Step.sum": {
            "value": 99984.0,
            "min": 49968.0,
            "max": 99984.0,
            "count": 2
        },
        "MyBehavior.Policy.ExtrinsicValueEstimate.mean": {
            "value": -0.717167854309082,
            "min": -0.717167854309082,
            "max": -0.34111228585243225,
            "count": 2
        },
        "MyBehavior.Policy.ExtrinsicValueEstimate.sum": {
            "value": -567.9969482421875,
            "min": -567.9969482421875,
            "max": -269.81982421875,
            "count": 2
        },
        "MyBehavior.Environment.EpisodeLength.mean": {
            "value": 1199.0,
            "min": 1199.0,
            "max": 1199.0,
            "count": 2
        },
        "MyBehavior.Environment.EpisodeLength.sum": {
            "value": 50358.0,
            "min": 49159.0,
            "max": 50358.0,
            "count": 2
        },
        "MyBehavior.Environment.CumulativeReward.mean": {
            "value": -14.251188940235547,
            "min": -14.888778882055748,
            "max": -14.251188940235547,
            "count": 2
        },
        "MyBehavior.Environment.CumulativeReward.sum": {
            "value": -598.549935489893,
            "min": -610.4399341642857,
            "max": -598.549935489893,
            "count": 2
        },
        "MyBehavior.Policy.ExtrinsicReward.mean": {
            "value": -14.251188940235547,
            "min": -14.888778882055748,
            "max": -14.251188940235547,
            "count": 2
        },
        "MyBehavior.Policy.ExtrinsicReward.sum": {
            "value": -598.549935489893,
            "min": -610.4399341642857,
            "max": -598.549935489893,
            "count": 2
        },
        "MyBehavior.Losses.PolicyLoss.mean": {
            "value": 0.024324795606856544,
            "min": 0.024324795606856544,
            "max": 0.02465523243881762,
            "count": 2
        },
        "MyBehavior.Losses.PolicyLoss.sum": {
            "value": 0.12162397803428272,
            "min": 0.09862092975527048,
            "max": 0.12162397803428272,
            "count": 2
        },
        "MyBehavior.Losses.ValueLoss.mean": {
            "value": 0.018856112112601596,
            "min": 0.018856112112601596,
            "max": 0.029929097338269154,
            "count": 2
        },
        "MyBehavior.Losses.ValueLoss.sum": {
            "value": 0.09428056056300799,
            "min": 0.09428056056300799,
            "max": 0.11971638935307662,
            "count": 2
        },
        "MyBehavior.Policy.LearningRate.mean": {
            "value": 0.00025675777441408,
            "min": 0.00025675777441408,
            "max": 0.0002845536051488,
            "count": 2
        },
        "MyBehavior.Policy.LearningRate.sum": {
            "value": 0.0012837888720704,
            "min": 0.0011382144205952,
            "max": 0.0012837888720704,
            "count": 2
        },
        "MyBehavior.Policy.Epsilon.mean": {
            "value": 0.18558592000000002,
            "min": 0.18558592000000002,
            "max": 0.19485120000000006,
            "count": 2
        },
        "MyBehavior.Policy.Epsilon.sum": {
            "value": 0.9279296,
            "min": 0.7794048000000002,
            "max": 0.9279296,
            "count": 2
        },
        "MyBehavior.Policy.Beta.mean": {
            "value": 0.004280737408000001,
            "min": 0.004280737408000001,
            "max": 0.00474307488,
            "count": 2
        },
        "MyBehavior.Policy.Beta.sum": {
            "value": 0.021403687040000004,
            "min": 0.01897229952,
            "max": 0.021403687040000004,
            "count": 2
        },
        "MyBehavior.IsTraining.mean": {
            "value": 1.0,
            "min": 1.0,
            "max": 1.0,
            "count": 2
        },
        "MyBehavior.IsTraining.sum": {
            "value": 1.0,
            "min": 1.0,
            "max": 1.0,
            "count": 2
        }
    },
    "metadata": {
        "timer_format_version": "0.1.0",
        "start_time_seconds": "1696429673",
        "python_version": "3.9.13 (tags/v3.9.13:6de2ca5, May 17 2022, 16:36:42) [MSC v.1929 64 bit (AMD64)]",
        "command_line_arguments": "C:\\Users\\Amanda\\Documents\\GitHub\\TNM114-AI-project\\TNM114-AI\\venv\\Scripts\\mlagents-learn --run-id=next_transform_observation --force",
        "mlagents_version": "0.30.0",
        "mlagents_envs_version": "0.30.0",
        "communication_protocol_version": "1.5.0",
        "pytorch_version": "2.0.1+cpu",
        "numpy_version": "1.21.2",
        "end_time_seconds": "1696431393"
    },
    "total": 1720.4858054000001,
    "count": 1,
    "self": 0.03262430000040695,
    "children": {
        "run_training.setup": {
            "total": 0.25624509999999967,
            "count": 1,
            "self": 0.25624509999999967
        },
        "TrainerController.start_learning": {
            "total": 1720.1969359999998,
            "count": 1,
            "self": 5.173732999942786,
            "children": {
                "TrainerController._reset_env": {
                    "total": 5.6805386,
                    "count": 1,
                    "self": 5.6805386
                },
                "TrainerController.advance": {
                    "total": 1709.032387800057,
                    "count": 135184,
                    "self": 4.9717812000940285,
                    "children": {
                        "env_step": {
                            "total": 1625.718577099977,
                            "count": 135184,
                            "self": 1263.309139299996,
                            "children": {
                                "SubprocessEnvManager._take_step": {
                                    "total": 359.02983300000176,
                                    "count": 135184,
                                    "self": 13.19512890001107,
                                    "children": {
                                        "TorchPolicy.evaluate": {
                                            "total": 345.8347040999907,
                                            "count": 135184,
                                            "self": 345.8347040999907
                                        }
                                    }
                                },
                                "workers": {
                                    "total": 3.3796047999791305,
                                    "count": 135183,
                                    "self": 0.0,
                                    "children": {
                                        "worker_root": {
                                            "total": 1643.0842338999835,
                                            "count": 135183,
                                            "is_parallel": true,
                                            "self": 681.4286333999929,
                                            "children": {
                                                "steps_from_proto": {
                                                    "total": 0.0006536999999999793,
                                                    "count": 1,
                                                    "is_parallel": true,
                                                    "self": 0.0003294000000000352,